sha256	path	bytes	role	used_by	provenance
bb3a31e6c669d127ea16516157ad61026958857231f518ad232b8c0dbcebc69b	ERA5_LTT_1000-850_detr_tropmean_1979-2025.nc	18250	tropical-mean LTT anomaly, detrended	CMIP engine target + forecast (Secs 9,13)	derived from ERA5
5748dd1fadb48fcae9be3dfc2683b4c94c7e83337aadce73cd5c25964a302f7b	ERA5_SST_global_1deg_1940-2025.nc	537990549	ERA5 global SST 1deg monthly	SST reconstruction target + beta maps (Sec 2)	ERA5 monthly means, C3S CDS
0d120d22a136ad1f0fb1901dcce73e69b49f956b177b67f3444eb547aacb8ecb	ERA5_T_plevs_1deg_30S30N_1979-2025.nc	266868114	ERA5 T at 1000/925/850 hPa, 1deg, 30S-30N	LTT target, replay engine (Sec 2)	ERA5 monthly means, C3S CDS
c2d7f78d6e3684657ea12a23fac28ece818dd4a16cdae735d5e589056f448081	ERA5_tropical_mean_sst_anom_detr_1950-2025.nc	28803	tropical-mean SST anomaly, detrended	CMIP engine target + forecast (Secs 9,13)	derived from ERA5
372fddeb8883b72474fff92f20358d0f8a1da6e3f17323acd008524a6fcf3fbd	XRO_indices_oras5_extended_2025.nc	65417	ORAS5-based 10-mode XRO state vector 1979-2025	replay + CMIP engines (Secs 2,9)	ORAS5 via C3S CDS; Zhao et al. 2024 indices, 2025 extension by authors
72417ad7d6df72405ac54d74f41eff848431b40e15c136154d52bc6550295a63	beta_from_patterns.nc	7248	legacy beta-projection file (not read when USE_STANDARD_BETA=True)	legacy path only	author-derived
10eb05ec743654333cdc8fc78222371546e6514b327971164fa389339cb1a9fa	realtime_oisst_sst_indices.nc	59315	real-time SST mode indices 1982-2026/04	forecast initial conditions (Sec 13)	NOAA OISST v2.1, NCEI
46719e43a707ab5a6b97b7e9f791ab182b1b108db086ebf486fd619ab5274419	realtime_tao_pmel_wwv.nc	20268	real-time warm water volume	forecast initial conditions (Sec 13)	PMEL/TAO, NOAA
28ab8abe08df480fe25cd8322e9bb0661ed0ea6a0bb5d51b24cf0e79a7241c07	reference_cache/cmip_per_model_series_unified.pkl	58963710	author-generated engine cache (never read by notebook)	reference for diffing *_repro outputs	author-generated
cc11213f280f7babcf6cce7439bc1a9a59482a755b200fb91a5639c3e5c0f3f9	reference_cache/xro_replays_lindetrend_1979-2025.npz	598348	author-generated engine cache (never read by notebook)	reference for diffing *_repro outputs	author-generated
bcf963a683116355e9bb484da31a964b0ff715779a931f11d4756533ec70e961	pocheng_tropical_mean_SST_XRO/OBS_fit_with_tropic_detr.nc	208219	per-model CMIP XRO operator fit	CMIP hybrid engine (Sec 9)	author-fitted from CMIP5/6 historical SST+thetao (ESGF)
8c7fff9c0509485a725a4c5db0991f0b1766b7bb35a051df2931a709715bc344	pocheng_tropical_mean_SST_XRO/OBS_timeseries_with_tropic_detr.nc	79166	per-model CMIP XRO operator fit	CMIP hybrid engine (Sec 9)	author-fitted from CMIP5/6 historical SST+thetao (ESGF)
39a865b15ca89b73d7e30ed0a610d2e36dbf03c49cf76fc11aa5856d0da4458e	pocheng_tropical_mean_SST_XRO/XRO.lin_Nino34.WWV_d20_CMIP5_ACCESS1-0_fit.nc	62553	per-model CMIP XRO operator fit	CMIP hybrid engine (Sec 9)	author-fitted from CMIP5/6 historical SST+thetao (ESGF)
81ff7c6837f0bbf0957c5d43b529c2dea0af16d7b08b3c345afae5f2b8254f05	pocheng_tropical_mean_SST_XRO/XRO.lin_Nino34.WWV_d20_CMIP5_ACCESS1-0_timeseries.nc	49749	per-model CMIP XRO operator fit	CMIP hybrid engine (Sec 9)	author-fitted from CMIP5/6 historical SST+thetao (ESGF)
3b142b4a5dae3df164bd8dc96d0adaa8689282722b2b7641847a588c1991fd36	pocheng_tropical_mean_SST_XRO/XRO.lin_Nino34.WWV_d20_CMIP5_ACCESS1-3_fit.nc	62553	per-model CMIP XRO operator fit	CMIP hybrid engine (Sec 9)	author-fitted from CMIP5/6 historical SST+thetao (ESGF)
a0c42becffbaa8cbd0d99499b891b20c1ee034e16ea7d61f8063e9d71200b170	pocheng_tropical_mean_SST_XRO/XRO.lin_Nino34.WWV_d20_CMIP5_ACCESS1-3_timeseries.nc	49749	per-model CMIP XRO operator fit	CMIP hybrid engine (Sec 9)	author-fitted from CMIP5/6 historical SST+thetao (ESGF)
0d7594cdf3d9f1666712ab2d5ea6a5fbb9e2f875b85dfd0f1355361340941829	pocheng_tropical_mean_SST_XRO/XRO.lin_Nino34.WWV_d20_CMIP5_BNU-ESM_fit.nc	62553	per-model CMIP XRO operator fit	CMIP hybrid engine (Sec 9)	author-fitted from CMIP5/6 historical SST+thetao (ESGF)
305dde9731b92997177a628e7f93e8802fc6d07841f0057bc6542cc7fa9a1136	pocheng_tropical_mean_SST_XRO/XRO.lin_Nino34.WWV_d20_CMIP5_BNU-ESM_timeseries.nc	49749	per-model CMIP XRO operator fit	CMIP hybrid engine (Sec 9)	author-fitted from CMIP5/6 historical SST+thetao (ESGF)
c33e1a6855b3d0e9313607744191eb9e8f82ce30b22b6fe0696f06402a06b4bd	pocheng_tropical_mean_SST_XRO/XRO.lin_Nino34.WWV_d20_CMIP5_CCSM4_fit.nc	62553	per-model CMIP XRO operator fit	CMIP hybrid engine (Sec 9)	author-fitted from CMIP5/6 historical SST+thetao (ESGF)
ca491d27c105701301b1593fdcc72ddd61fa86cbda35681fe4ddab302b954ffc	pocheng_tropical_mean_SST_XRO/XRO.lin_Nino34.WWV_d20_CMIP5_CCSM4_timeseries.nc	49749	per-model CMIP XRO operator fit	CMIP hybrid engine (Sec 9)	author-fitted from CMIP5/6 historical SST+thetao (ESGF)
8dcc59a228375f3cdb87ad6c606aa764a8721cdfbd57fc5e04b422e11580fc56	pocheng_tropical_mean_SST_XRO/XRO.lin_Nino34.WWV_d20_CMIP5_CESM1-BGC_fit.nc	62553	per-model CMIP XRO operator fit	CMIP hybrid engine (Sec 9)	author-fitted from CMIP5/6 historical SST+thetao (ESGF)
6f172bba929fabe489011da11ccd8b76c9c1226b421f4d8ef3208913b110d426	pocheng_tropical_mean_SST_XRO/XRO.lin_Nino34.WWV_d20_CMIP5_CESM1-BGC_timeseries.nc	49749	per-model CMIP XRO operator fit	CMIP hybrid engine (Sec 9)	author-fitted from CMIP5/6 historical SST+thetao (ESGF)
0dee82abd306411f71a27ada0adec2663ecca664b4680e5af1b9a2e83a059dfd	pocheng_tropical_mean_SST_XRO/XRO.lin_Nino34.WWV_d20_CMIP5_CESM1-CAM5_fit.nc	62553	per-model CMIP XRO operator fit	CMIP hybrid engine (Sec 9)	author-fitted from CMIP5/6 historical SST+thetao (ESGF)
71668ef764a00ad3a72655d37b36d9336635cfba8548148f77d813265c5d1e92	pocheng_tropical_mean_SST_XRO/XRO.lin_Nino34.WWV_d20_CMIP5_CESM1-CAM5_timeseries.nc	49749	per-model CMIP XRO operator fit	CMIP hybrid engine (Sec 9)	author-fitted from CMIP5/6 historical SST+thetao (ESGF)
b75c931b20199779d64705ea80c3da5ce699da8ef58ee73d42692409537c9ac1	pocheng_tropical_mean_SST_XRO/XRO.lin_Nino34.WWV_d20_CMIP5_CESM1-FASTCHEM_fit.nc	62073	per-model CMIP XRO operator fit	CMIP hybrid engine (Sec 9)	author-fitted from CMIP5/6 historical SST+thetao (ESGF)
4ab9c01cec319e8b1b40ed4a96016a11a44683f9bcf9081ee58ac7c9dbb05e1f	pocheng_tropical_mean_SST_XRO/XRO.lin_Nino34.WWV_d20_CMIP5_CESM1-FASTCHEM_timeseries.nc	48909	per-model CMIP XRO operator fit	CMIP hybrid engine (Sec 9)	author-fitted from CMIP5/6 historical SST+thetao (ESGF)
d1bea7228166375d1b9f8c2d1b573acfc45ca1f8fe2b1acffa98515bf816c928	pocheng_tropical_mean_SST_XRO/XRO.lin_Nino34.WWV_d20_CMIP5_CESM1-WACCM_fit.nc	62073	per-model CMIP XRO operator fit	CMIP hybrid engine (Sec 9)	author-fitted from CMIP5/6 historical SST+thetao (ESGF)
42bc26d2c04ae9e76f4ff8b8947cad7a40bd8625251eb0f2f7311409c67572bc	pocheng_tropical_mean_SST_XRO/XRO.lin_Nino34.WWV_d20_CMIP5_CESM1-WACCM_timeseries.nc	48909	per-model CMIP XRO operator fit	CMIP hybrid engine (Sec 9)	author-fitted from CMIP5/6 historical SST+thetao (ESGF)
7965df472d2d7f06106239d3c14533fc5e99cc522b7b43827f7d33feb2458fd5	pocheng_tropical_mean_SST_XRO/XRO.lin_Nino34.WWV_d20_CMIP5_CMCC-CESM_fit.nc	62553	per-model CMIP XRO operator fit	CMIP hybrid engine (Sec 9)	author-fitted from CMIP5/6 historical SST+thetao (ESGF)
1c770e02ce4e60f30cad1e2fea852828c519bb376c4a2946608c9e8b3484668d	pocheng_tropical_mean_SST_XRO/XRO.lin_Nino34.WWV_d20_CMIP5_CMCC-CESM_timeseries.nc	49749	per-model CMIP XRO operator fit	CMIP hybrid engine (Sec 9)	author-fitted from CMIP5/6 historical SST+thetao (ESGF)
e6855553c47c8e93e43cf9d6d858749244fe5f3e06f8b2c0ec1b0d394c7a53de	pocheng_tropical_mean_SST_XRO/XRO.lin_Nino34.WWV_d20_CMIP5_CMCC-CMS_fit.nc	62553	per-model CMIP XRO operator fit	CMIP hybrid engine (Sec 9)	author-fitted from CMIP5/6 historical SST+thetao (ESGF)
663b976c60442a19c84cbda861dbd29f120c0abc293e349980b3d2f303a860fa	pocheng_tropical_mean_SST_XRO/XRO.lin_Nino34.WWV_d20_CMIP5_CMCC-CMS_timeseries.nc	49749	per-model CMIP XRO operator fit	CMIP hybrid engine (Sec 9)	author-fitted from CMIP5/6 historical SST+thetao (ESGF)
9c22f1659e5dc9e869dd856d05f86616e99b22e69ea8603b6b937fbb3c2e46a1	pocheng_tropical_mean_SST_XRO/XRO.lin_Nino34.WWV_d20_CMIP5_CMCC-CM_fit.nc	62553	per-model CMIP XRO operator fit	CMIP hybrid engine (Sec 9)	author-fitted from CMIP5/6 historical SST+thetao (ESGF)
0da3d235da0d015f8a21b3fb6aae9760fe8637a4d65610a739fd4429f4efd5d4	pocheng_tropical_mean_SST_XRO/XRO.lin_Nino34.WWV_d20_CMIP5_CMCC-CM_timeseries.nc	49749	per-model CMIP XRO operator fit	CMIP hybrid engine (Sec 9)	author-fitted from CMIP5/6 historical SST+thetao (ESGF)
38076a250887789c4f3a126855730f9a7c0489743943d00a2e331b3a5204b9f3	pocheng_tropical_mean_SST_XRO/XRO.lin_Nino34.WWV_d20_CMIP5_CNRM-CM5_fit.nc	62553	per-model CMIP XRO operator fit	CMIP hybrid engine (Sec 9)	author-fitted from CMIP5/6 historical SST+thetao (ESGF)
48455cb569b08336a3f9cdf6adaa83e68677b310a1d4f27730b98ca2cb0276f4	pocheng_tropical_mean_SST_XRO/XRO.lin_Nino34.WWV_d20_CMIP5_CNRM-CM5_timeseries.nc	49749	per-model CMIP XRO operator fit	CMIP hybrid engine (Sec 9)	author-fitted from CMIP5/6 historical SST+thetao (ESGF)
a1a3c3461d42170e2df70b7a4c950ef92ac15554eef3a05e24660b6d42c3990e	pocheng_tropical_mean_SST_XRO/XRO.lin_Nino34.WWV_d20_CMIP5_CSIRO-Mk3-6-0_fit.nc	62553	per-model CMIP XRO operator fit	CMIP hybrid engine (Sec 9)	author-fitted from CMIP5/6 historical SST+thetao (ESGF)
8617f7a3c7c9b744ae30686c188f23c1786a18cdf1e3d93ea242e3248dd877cf	pocheng_tropical_mean_SST_XRO/XRO.lin_Nino34.WWV_d20_CMIP5_CSIRO-Mk3-6-0_timeseries.nc	49749	per-model CMIP XRO operator fit	CMIP hybrid engine (Sec 9)	author-fitted from CMIP5/6 historical SST+thetao (ESGF)
a4122e378e9539292d02c2c937122114c9cf13dcf314626f4ca99c1a4b4974b2	pocheng_tropical_mean_SST_XRO/XRO.lin_Nino34.WWV_d20_CMIP5_CanESM2_fit.nc	62553	per-model CMIP XRO operator fit	CMIP hybrid engine (Sec 9)	author-fitted from CMIP5/6 historical SST+thetao (ESGF)
f38f54e40105c0dd6fcf77211eab9ac5e57b20d2be1a2031c1e92af04378b0e9	pocheng_tropical_mean_SST_XRO/XRO.lin_Nino34.WWV_d20_CMIP5_CanESM2_timeseries.nc	49749	per-model CMIP XRO operator fit	CMIP hybrid engine (Sec 9)	author-fitted from CMIP5/6 historical SST+thetao (ESGF)
eee549646849e3a8fbd75a66c1fdef90d4dbf9223c556ed15c92f30fe8743f4b	pocheng_tropical_mean_SST_XRO/XRO.lin_Nino34.WWV_d20_CMIP5_FGOALS-g2_fit.nc	62553	per-model CMIP XRO operator fit	CMIP hybrid engine (Sec 9)	author-fitted from CMIP5/6 historical SST+thetao (ESGF)
ce02f41ec60d8cf8b5ec5b1213e2ba88682fed824b29fac58b8e0c115f2b921e	pocheng_tropical_mean_SST_XRO/XRO.lin_Nino34.WWV_d20_CMIP5_FGOALS-g2_timeseries.nc	49749	per-model CMIP XRO operator fit	CMIP hybrid engine (Sec 9)	author-fitted from CMIP5/6 historical SST+thetao (ESGF)
0673732e00c6da335b8e2ef6f86c4389edd6603de33b98bcca417cbe16a78ff5	pocheng_tropical_mean_SST_XRO/XRO.lin_Nino34.WWV_d20_CMIP5_FGOALS-s2_fit.nc	62457	per-model CMIP XRO operator fit	CMIP hybrid engine (Sec 9)	author-fitted from CMIP5/6 historical SST+thetao (ESGF)
7b80d5855ebf716ba309189ea5629f380ce4de578627c26b89fd419a3bc8677b	pocheng_tropical_mean_SST_XRO/XRO.lin_Nino34.WWV_d20_CMIP5_FGOALS-s2_timeseries.nc	49749	per-model CMIP XRO operator fit	CMIP hybrid engine (Sec 9)	author-fitted from CMIP5/6 historical SST+thetao (ESGF)
701308273e72de645dfcc13ce0b9c04ec51fee2eaf2cbefd21e56987d1c9bdd7	pocheng_tropical_mean_SST_XRO/XRO.lin_Nino34.WWV_d20_CMIP5_FIO-ESM_fit.nc	62553	per-model CMIP XRO operator fit	CMIP hybrid engine (Sec 9)	author-fitted from CMIP5/6 historical SST+thetao (ESGF)
db4e01811ebc9500184a95af15dd4b88a59554daa06dd2231303cfd61f421a9d	pocheng_tropical_mean_SST_XRO/XRO.lin_Nino34.WWV_d20_CMIP5_FIO-ESM_timeseries.nc	49749	per-model CMIP XRO operator fit	CMIP hybrid engine (Sec 9)	author-fitted from CMIP5/6 historical SST+thetao (ESGF)
f8745b1116ee260704cbfbc3c4c49cffd0a10754f7271127803bbec581167c33	pocheng_tropical_mean_SST_XRO/XRO.lin_Nino34.WWV_d20_CMIP5_GFDL-CM3_fit.nc	62553	per-model CMIP XRO operator fit	CMIP hybrid engine (Sec 9)	author-fitted from CMIP5/6 historical SST+thetao (ESGF)
7438ca73e2ac021833e8b7338a75d9fa708c5f24ddeded8ec2f2e539fb4af2b2	pocheng_tropical_mean_SST_XRO/XRO.lin_Nino34.WWV_d20_CMIP5_GFDL-CM3_timeseries.nc	49749	per-model CMIP XRO operator fit	CMIP hybrid engine (Sec 9)	author-fitted from CMIP5/6 historical SST+thetao (ESGF)
7e30e526cca2718a49f118da9d1b1f555df5c212e6024691867687c5084e5996	pocheng_tropical_mean_SST_XRO/XRO.lin_Nino34.WWV_d20_CMIP5_GFDL-ESM2G_fit.nc	62553	per-model CMIP XRO operator fit	CMIP hybrid engine (Sec 9)	author-fitted from CMIP5/6 historical SST+thetao (ESGF)
70cadb247cd2311c2feef753abff38d04e4193a393b8c6d48dba41e01ebf5c82	pocheng_tropical_mean_SST_XRO/XRO.lin_Nino34.WWV_d20_CMIP5_GFDL-ESM2G_timeseries.nc	49749	per-model CMIP XRO operator fit	CMIP hybrid engine (Sec 9)	author-fitted from CMIP5/6 historical SST+thetao (ESGF)
9b40a1420073b13af512a7a2651082d5ea89fef87f1796d3de51ec643d830604	pocheng_tropical_mean_SST_XRO/XRO.lin_Nino34.WWV_d20_CMIP5_GFDL-ESM2M_fit.nc	62553	per-model CMIP XRO operator fit	CMIP hybrid engine (Sec 9)	author-fitted from CMIP5/6 historical SST+thetao (ESGF)
0544e3d04bd1ef37bbf9f66a70aa1ec56bf168cc70d67a73b20edddebfc8ad9f	pocheng_tropical_mean_SST_XRO/XRO.lin_Nino34.WWV_d20_CMIP5_GFDL-ESM2M_timeseries.nc	49749	per-model CMIP XRO operator fit	CMIP hybrid engine (Sec 9)	author-fitted from CMIP5/6 historical SST+thetao (ESGF)
784c4db5e4acdcd4bc07e3335c40b0d86a04924203dbb2ccabedb107f63dd596	pocheng_tropical_mean_SST_XRO/XRO.lin_Nino34.WWV_d20_CMIP5_GISS-E2-H-CC_fit.nc	62553	per-model CMIP XRO operator fit	CMIP hybrid engine (Sec 9)	author-fitted from CMIP5/6 historical SST+thetao (ESGF)
5772daa88e5bb0cb3662029b1bd59d492bc723d00d49b824bbcc06b2ea9421f3	pocheng_tropical_mean_SST_XRO/XRO.lin_Nino34.WWV_d20_CMIP5_GISS-E2-H-CC_timeseries.nc	49749	per-model CMIP XRO operator fit	CMIP hybrid engine (Sec 9)	author-fitted from CMIP5/6 historical SST+thetao (ESGF)
3c8453679362faafbbd71d543353f789b44757c1cf2d78abea2569b68a8a7e78	pocheng_tropical_mean_SST_XRO/XRO.lin_Nino34.WWV_d20_CMIP5_GISS-E2-H_fit.nc	62553	per-model CMIP XRO operator fit	CMIP hybrid engine (Sec 9)	author-fitted from CMIP5/6 historical SST+thetao (ESGF)
3354dda295410bf2b842a6db2e88a30ccd105057d981a1bc9121e979d38e47f9	pocheng_tropical_mean_SST_XRO/XRO.lin_Nino34.WWV_d20_CMIP5_GISS-E2-H_timeseries.nc	49749	per-model CMIP XRO operator fit	CMIP hybrid engine (Sec 9)	author-fitted from CMIP5/6 historical SST+thetao (ESGF)
aa5c4b1fcb51862abc8feb4f33c6530c51aceb16dd3726468571dc6eb1761987	pocheng_tropical_mean_SST_XRO/XRO.lin_Nino34.WWV_d20_CMIP5_GISS-E2-R-CC_fit.nc	62553	per-model CMIP XRO operator fit	CMIP hybrid engine (Sec 9)	author-fitted from CMIP5/6 historical SST+thetao (ESGF)
3fe06a1c20500682e35e84989e0fc0cbdb787f620ba2a845ac2aa28765fd3887	pocheng_tropical_mean_SST_XRO/XRO.lin_Nino34.WWV_d20_CMIP5_GISS-E2-R-CC_timeseries.nc	49749	per-model CMIP XRO operator fit	CMIP hybrid engine (Sec 9)	author-fitted from CMIP5/6 historical SST+thetao (ESGF)
3b3a2ef8ec986e8173ae22edde7e1fe9c8139ce26f3f27efefb96fd76ada5bfd	pocheng_tropical_mean_SST_XRO/XRO.lin_Nino34.WWV_d20_CMIP5_GISS-E2-R_fit.nc	62553	per-model CMIP XRO operator fit	CMIP hybrid engine (Sec 9)	author-fitted from CMIP5/6 historical SST+thetao (ESGF)
7f0bc42c26219fe03d9eea3da27f59b9e204d4a9d7d339e89f2566b006e1251f	pocheng_tropical_mean_SST_XRO/XRO.lin_Nino34.WWV_d20_CMIP5_GISS-E2-R_timeseries.nc	49749	per-model CMIP XRO operator fit	CMIP hybrid engine (Sec 9)	author-fitted from CMIP5/6 historical SST+thetao (ESGF)
771a558fe41a8e4493fa24ace621886f0bca00468422b2d522276a0b6105ce60	pocheng_tropical_mean_SST_XRO/XRO.lin_Nino34.WWV_d20_CMIP5_HadCM3_fit.nc	62073	per-model CMIP XRO operator fit	CMIP hybrid engine (Sec 9)	author-fitted from CMIP5/6 historical SST+thetao (ESGF)
4813eaba179ba8288a8569ac1aaa3943fb0b348c58b32d8f802eebe45d20c623	pocheng_tropical_mean_SST_XRO/XRO.lin_Nino34.WWV_d20_CMIP5_HadCM3_timeseries.nc	48909	per-model CMIP XRO operator fit	CMIP hybrid engine (Sec 9)	author-fitted from CMIP5/6 historical SST+thetao (ESGF)
f3f3ef07b7b7187f0342cde58a5c6dfd0b8bebcff7c381763f1a08c69124ca8b	pocheng_tropical_mean_SST_XRO/XRO.lin_Nino34.WWV_d20_CMIP5_HadGEM2-AO_fit.nc	62553	per-model CMIP XRO operator fit	CMIP hybrid engine (Sec 9)	author-fitted from CMIP5/6 historical SST+thetao (ESGF)
394fb0726952d4775a98831fb0af17956141f3314eb82a01f9680a1a21c7c82b	pocheng_tropical_mean_SST_XRO/XRO.lin_Nino34.WWV_d20_CMIP5_HadGEM2-AO_timeseries.nc	49749	per-model CMIP XRO operator fit	CMIP hybrid engine (Sec 9)	author-fitted from CMIP5/6 historical SST+thetao (ESGF)
f5473756b9b6118d4f86ca293c22dfaec4c3353946bffb7f619be2ce09f0a006	pocheng_tropical_mean_SST_XRO/XRO.lin_Nino34.WWV_d20_CMIP5_HadGEM2-CC_fit.nc	62553	per-model CMIP XRO operator fit	CMIP hybrid engine (Sec 9)	author-fitted from CMIP5/6 historical SST+thetao (ESGF)
57db669c145ab78ffaf8e6ed151ab2a472378af4558bce07552c24000e1f677a	pocheng_tropical_mean_SST_XRO/XRO.lin_Nino34.WWV_d20_CMIP5_HadGEM2-CC_timeseries.nc	49749	per-model CMIP XRO operator fit	CMIP hybrid engine (Sec 9)	author-fitted from CMIP5/6 historical SST+thetao (ESGF)
1a0d28a3b3ae59815b07942af9886038f36207252a80aca8cea86ac2990c3fae	pocheng_tropical_mean_SST_XRO/XRO.lin_Nino34.WWV_d20_CMIP5_HadGEM2-ES_fit.nc	62553	per-model CMIP XRO operator fit	CMIP hybrid engine (Sec 9)	author-fitted from CMIP5/6 historical SST+thetao (ESGF)
38c05b236203c4fed9039dbd438693c88625bc865a9d4ea7b15e06a632c17d71	pocheng_tropical_mean_SST_XRO/XRO.lin_Nino34.WWV_d20_CMIP5_HadGEM2-ES_timeseries.nc	49749	per-model CMIP XRO operator fit	CMIP hybrid engine (Sec 9)	author-fitted from CMIP5/6 historical SST+thetao (ESGF)
2650a0edb717e856cdfc097a6e811e773b4cb60ba0463bdab76f279af0806007	pocheng_tropical_mean_SST_XRO/XRO.lin_Nino34.WWV_d20_CMIP5_IPSL-CM5A-LR_fit.nc	62553	per-model CMIP XRO operator fit	CMIP hybrid engine (Sec 9)	author-fitted from CMIP5/6 historical SST+thetao (ESGF)
b4c135af86881a68a412c1ba00af458d54cc68fc02bc718fc714359b66597c88	pocheng_tropical_mean_SST_XRO/XRO.lin_Nino34.WWV_d20_CMIP5_IPSL-CM5A-LR_timeseries.nc	49749	per-model CMIP XRO operator fit	CMIP hybrid engine (Sec 9)	author-fitted from CMIP5/6 historical SST+thetao (ESGF)
01c273c511ae72d6516fd796048cb35aa9c2da7fa0042b7059f0ab841c968632	pocheng_tropical_mean_SST_XRO/XRO.lin_Nino34.WWV_d20_CMIP5_IPSL-CM5A-MR_fit.nc	62553	per-model CMIP XRO operator fit	CMIP hybrid engine (Sec 9)	author-fitted from CMIP5/6 historical SST+thetao (ESGF)
493812a5e361544c8de0c1f59fed94f69cfe4499c39d371b422a21536b9f5f47	pocheng_tropical_mean_SST_XRO/XRO.lin_Nino34.WWV_d20_CMIP5_IPSL-CM5A-MR_timeseries.nc	49749	per-model CMIP XRO operator fit	CMIP hybrid engine (Sec 9)	author-fitted from CMIP5/6 historical SST+thetao (ESGF)
7cba2877ffdab840b190b47ef54b7f18454be476296d92f1e5f346cfbcbec71b	pocheng_tropical_mean_SST_XRO/XRO.lin_Nino34.WWV_d20_CMIP5_IPSL-CM5B-LR_fit.nc	62553	per-model CMIP XRO operator fit	CMIP hybrid engine (Sec 9)	author-fitted from CMIP5/6 historical SST+thetao (ESGF)
8160ef06e1495b1dde9a4aab6f71354122fe6bfc2409446a09a380c590193d26	pocheng_tropical_mean_SST_XRO/XRO.lin_Nino34.WWV_d20_CMIP5_IPSL-CM5B-LR_timeseries.nc	49749	per-model CMIP XRO operator fit	CMIP hybrid engine (Sec 9)	author-fitted from CMIP5/6 historical SST+thetao (ESGF)
caa49ad78a459bd913140ab4b308ba75d9878ce8186a269bdc0d80178f6d1b9c	pocheng_tropical_mean_SST_XRO/XRO.lin_Nino34.WWV_d20_CMIP5_MIROC-ESM-CHEM_fit.nc	62553	per-model CMIP XRO operator fit	CMIP hybrid engine (Sec 9)	author-fitted from CMIP5/6 historical SST+thetao (ESGF)
c140504f5debe2c27743836f27d495364b2b5728712a4a2ea5557727cd3570e1	pocheng_tropical_mean_SST_XRO/XRO.lin_Nino34.WWV_d20_CMIP5_MIROC-ESM-CHEM_timeseries.nc	49749	per-model CMIP XRO operator fit	CMIP hybrid engine (Sec 9)	author-fitted from CMIP5/6 historical SST+thetao (ESGF)
6ebb384270410a723e8f92a0ee13faa71c17b7956df130f5489c9920a66e64bf	pocheng_tropical_mean_SST_XRO/XRO.lin_Nino34.WWV_d20_CMIP5_MIROC-ESM_fit.nc	62553	per-model CMIP XRO operator fit	CMIP hybrid engine (Sec 9)	author-fitted from CMIP5/6 historical SST+thetao (ESGF)
9c95fd7b79ac65b40ed3489c6435eaecb912c7b1c871c5ee78ad114052d0ce34	pocheng_tropical_mean_SST_XRO/XRO.lin_Nino34.WWV_d20_CMIP5_MIROC-ESM_timeseries.nc	49749	per-model CMIP XRO operator fit	CMIP hybrid engine (Sec 9)	author-fitted from CMIP5/6 historical SST+thetao (ESGF)
1183dc0655fcb1fd9b3f6648ad60c526f4ffcbea15ba7428b55143a142d88da3	pocheng_tropical_mean_SST_XRO/XRO.lin_Nino34.WWV_d20_CMIP5_MIROC5_fit.nc	62553	per-model CMIP XRO operator fit	CMIP hybrid engine (Sec 9)	author-fitted from CMIP5/6 historical SST+thetao (ESGF)
d09d297e44b0d5dc1eb9574ecd1d8725c0a00c944cca94d542116d51a5369126	pocheng_tropical_mean_SST_XRO/XRO.lin_Nino34.WWV_d20_CMIP5_MIROC5_timeseries.nc	49749	per-model CMIP XRO operator fit	CMIP hybrid engine (Sec 9)	author-fitted from CMIP5/6 historical SST+thetao (ESGF)
448812c76cfac79ccb5e22932bb07387fc42a8a4a5d2249fb702957b0fdbdebe	pocheng_tropical_mean_SST_XRO/XRO.lin_Nino34.WWV_d20_CMIP5_MPI-ESM-LR_fit.nc	62553	per-model CMIP XRO operator fit	CMIP hybrid engine (Sec 9)	author-fitted from CMIP5/6 historical SST+thetao (ESGF)
215446c58b6c664080b7d92d8043a0348df6a64301ccd915b1100f52bff83ce4	pocheng_tropical_mean_SST_XRO/XRO.lin_Nino34.WWV_d20_CMIP5_MPI-ESM-LR_timeseries.nc	49749	per-model CMIP XRO operator fit	CMIP hybrid engine (Sec 9)	author-fitted from CMIP5/6 historical SST+thetao (ESGF)
7061bc3930661eb2fa16c63c00390ca332e3709e742b869c320b5f016c2438af	pocheng_tropical_mean_SST_XRO/XRO.lin_Nino34.WWV_d20_CMIP5_MPI-ESM-MR_fit.nc	62553	per-model CMIP XRO operator fit	CMIP hybrid engine (Sec 9)	author-fitted from CMIP5/6 historical SST+thetao (ESGF)
b9890fb26754e1467e01dab37e76e782219fbd00afb345b02328e657addbe950	pocheng_tropical_mean_SST_XRO/XRO.lin_Nino34.WWV_d20_CMIP5_MPI-ESM-MR_timeseries.nc	49749	per-model CMIP XRO operator fit	CMIP hybrid engine (Sec 9)	author-fitted from CMIP5/6 historical SST+thetao (ESGF)
83fe3efb947af5000240520e12c3cf4984b205c0930db3a0ca5805c6e48f74dd	pocheng_tropical_mean_SST_XRO/XRO.lin_Nino34.WWV_d20_CMIP5_MPI-ESM-P_fit.nc	62073	per-model CMIP XRO operator fit	CMIP hybrid engine (Sec 9)	author-fitted from CMIP5/6 historical SST+thetao (ESGF)
4fd85983cc77d8188ddb17e84b6340e200f82769c30e370d325a2ba90706e264	pocheng_tropical_mean_SST_XRO/XRO.lin_Nino34.WWV_d20_CMIP5_MPI-ESM-P_timeseries.nc	48909	per-model CMIP XRO operator fit	CMIP hybrid engine (Sec 9)	author-fitted from CMIP5/6 historical SST+thetao (ESGF)
d7b827f9e7af5cc14c93d8a7418438283bbca82a8a7123a0b972cb44d5d7eeac	pocheng_tropical_mean_SST_XRO/XRO.lin_Nino34.WWV_d20_CMIP5_MRI-CGCM3_fit.nc	62553	per-model CMIP XRO operator fit	CMIP hybrid engine (Sec 9)	author-fitted from CMIP5/6 historical SST+thetao (ESGF)
f54e04ae623d577a9acf99986cdbbc8ddcf4fa115acb7b6cbe94d4e0850b97a6	pocheng_tropical_mean_SST_XRO/XRO.lin_Nino34.WWV_d20_CMIP5_MRI-CGCM3_timeseries.nc	49749	per-model CMIP XRO operator fit	CMIP hybrid engine (Sec 9)	author-fitted from CMIP5/6 historical SST+thetao (ESGF)
a53bd4b9d7fd50fa7f7eb71c7c03b28872c2b71f7b59f53d6700d648774e1544	pocheng_tropical_mean_SST_XRO/XRO.lin_Nino34.WWV_d20_CMIP5_MRI-ESM1_fit.nc	62553	per-model CMIP XRO operator fit	CMIP hybrid engine (Sec 9)	author-fitted from CMIP5/6 historical SST+thetao (ESGF)
b86c48cf4a4b969bb1b9ab589d80c0118131759761e7974cfa04830876270c12	pocheng_tropical_mean_SST_XRO/XRO.lin_Nino34.WWV_d20_CMIP5_MRI-ESM1_timeseries.nc	49749	per-model CMIP XRO operator fit	CMIP hybrid engine (Sec 9)	author-fitted from CMIP5/6 historical SST+thetao (ESGF)
84c6bc669fa63518ff2c8b869b8e73120e4b4b26ae902396a75f72732bc9b887	pocheng_tropical_mean_SST_XRO/XRO.lin_Nino34.WWV_d20_CMIP5_NorESM1-ME_fit.nc	62553	per-model CMIP XRO operator fit	CMIP hybrid engine (Sec 9)	author-fitted from CMIP5/6 historical SST+thetao (ESGF)
bfdd807f5a01a3b19f2f7f3cc2374b013955fb6dc0833844f17fd2780a0d40b8	pocheng_tropical_mean_SST_XRO/XRO.lin_Nino34.WWV_d20_CMIP5_NorESM1-ME_timeseries.nc	49749	per-model CMIP XRO operator fit	CMIP hybrid engine (Sec 9)	author-fitted from CMIP5/6 historical SST+thetao (ESGF)
c39fa0ba0c370a2d8e37013abf74ccc1e578692ba788759ee27a5400e754db4a	pocheng_tropical_mean_SST_XRO/XRO.lin_Nino34.WWV_d20_CMIP5_NorESM1-M_fit.nc	62553	per-model CMIP XRO operator fit	CMIP hybrid engine (Sec 9)	author-fitted from CMIP5/6 historical SST+thetao (ESGF)
33d42693f081e2620228604930bc816691e062576187fc10ebba44dfd0939bbc	pocheng_tropical_mean_SST_XRO/XRO.lin_Nino34.WWV_d20_CMIP5_NorESM1-M_timeseries.nc	49749	per-model CMIP XRO operator fit	CMIP hybrid engine (Sec 9)	author-fitted from CMIP5/6 historical SST+thetao (ESGF)
d756b0fc53c2f153676ef4e623986a4631826d98ed99843f0bb1918d48d6a504	pocheng_tropical_mean_SST_XRO/XRO.lin_Nino34.WWV_d20_CMIP5_bcc-csm1-1-m_fit.nc	62553	per-model CMIP XRO operator fit	CMIP hybrid engine (Sec 9)	author-fitted from CMIP5/6 historical SST+thetao (ESGF)
efebe0a6903075f81742530be896e7de5cf5ec73e198cebe51fd9049ba7abfae	pocheng_tropical_mean_SST_XRO/XRO.lin_Nino34.WWV_d20_CMIP5_bcc-csm1-1-m_timeseries.nc	49749	per-model CMIP XRO operator fit	CMIP hybrid engine (Sec 9)	author-fitted from CMIP5/6 historical SST+thetao (ESGF)
b77e51eebf012f1839d9d77fe75f485d29262776c9904ed6968dea8a6af0fa88	pocheng_tropical_mean_SST_XRO/XRO.lin_Nino34.WWV_d20_CMIP5_bcc-csm1-1_fit.nc	62553	per-model CMIP XRO operator fit	CMIP hybrid engine (Sec 9)	author-fitted from CMIP5/6 historical SST+thetao (ESGF)
97a8c9accb2d1e3350f5eb09139f82444f8df40b2e970a6d002a037e263f6ca0	pocheng_tropical_mean_SST_XRO/XRO.lin_Nino34.WWV_d20_CMIP5_bcc-csm1-1_timeseries.nc	49749	per-model CMIP XRO operator fit	CMIP hybrid engine (Sec 9)	author-fitted from CMIP5/6 historical SST+thetao (ESGF)
30e66e8deeab8d776a1d4ad0f6fb7ef4f8b90f7584c6d11df770fd97a7970de7	pocheng_tropical_mean_SST_XRO/XRO.lin_Nino34.WWV_d20_CMIP6_ACCESS-CM2_fit.nc	62553	per-model CMIP XRO operator fit	CMIP hybrid engine (Sec 9)	author-fitted from CMIP5/6 historical SST+thetao (ESGF)
9daeb9431849d75c723e971dc4cacb396fb81eda807f45150fad23884a3adff4	pocheng_tropical_mean_SST_XRO/XRO.lin_Nino34.WWV_d20_CMIP6_ACCESS-CM2_timeseries.nc	49749	per-model CMIP XRO operator fit	CMIP hybrid engine (Sec 9)	author-fitted from CMIP5/6 historical SST+thetao (ESGF)
1740404b57ae2c62ccabc338a57609bb781178999ee98572a7779b6f3869dd3d	pocheng_tropical_mean_SST_XRO/XRO.lin_Nino34.WWV_d20_CMIP6_ACCESS-ESM1-5_fit.nc	62553	per-model CMIP XRO operator fit	CMIP hybrid engine (Sec 9)	author-fitted from CMIP5/6 historical SST+thetao (ESGF)
d938db07c9a21b1e5d82220bd89024824ce874173be46431e911c129ddff45ac	pocheng_tropical_mean_SST_XRO/XRO.lin_Nino34.WWV_d20_CMIP6_ACCESS-ESM1-5_timeseries.nc	49749	per-model CMIP XRO operator fit	CMIP hybrid engine (Sec 9)	author-fitted from CMIP5/6 historical SST+thetao (ESGF)
ea75fee67c6a7b93bb96c32b131c1dcd3bdf64ea3a64ada674b33a8e6bb840cb	pocheng_tropical_mean_SST_XRO/XRO.lin_Nino34.WWV_d20_CMIP6_AWI-CM-1-1-MR_fit.nc	62553	per-model CMIP XRO operator fit	CMIP hybrid engine (Sec 9)	author-fitted from CMIP5/6 historical SST+thetao (ESGF)
478eea39246416697074a6862b26a0c1a36c24537b93cbf588e2197e7a1d72c8	pocheng_tropical_mean_SST_XRO/XRO.lin_Nino34.WWV_d20_CMIP6_AWI-CM-1-1-MR_timeseries.nc	49749	per-model CMIP XRO operator fit	CMIP hybrid engine (Sec 9)	author-fitted from CMIP5/6 historical SST+thetao (ESGF)
ac23039b1ba3a7f1e17bca3fa477f322a9c829ae90f930dfa7f8f10b6f358296	pocheng_tropical_mean_SST_XRO/XRO.lin_Nino34.WWV_d20_CMIP6_BCC-CSM2-MR_fit.nc	62553	per-model CMIP XRO operator fit	CMIP hybrid engine (Sec 9)	author-fitted from CMIP5/6 historical SST+thetao (ESGF)
d423d44f748b475503a65268323af54d5d0d02843c1377fa9ac946a560c843d3	pocheng_tropical_mean_SST_XRO/XRO.lin_Nino34.WWV_d20_CMIP6_BCC-CSM2-MR_timeseries.nc	49749	per-model CMIP XRO operator fit	CMIP hybrid engine (Sec 9)	author-fitted from CMIP5/6 historical SST+thetao (ESGF)
f00d0f29c631ba16b9b9b39bdf7326a54de28d1005c0dd1a67533b7f42396d67	pocheng_tropical_mean_SST_XRO/XRO.lin_Nino34.WWV_d20_CMIP6_BCC-ESM1_fit.nc	62553	per-model CMIP XRO operator fit	CMIP hybrid engine (Sec 9)	author-fitted from CMIP5/6 historical SST+thetao (ESGF)
ead1732c60becd76b9cd4d6a27d598b69086209f748e8ae0a6bfd237c01dd932	pocheng_tropical_mean_SST_XRO/XRO.lin_Nino34.WWV_d20_CMIP6_BCC-ESM1_timeseries.nc	49749	per-model CMIP XRO operator fit	CMIP hybrid engine (Sec 9)	author-fitted from CMIP5/6 historical SST+thetao (ESGF)
1ca8bdb0223a067548a54936e8566c6ca13cc4679130d98b3f4704b86b059cac	pocheng_tropical_mean_SST_XRO/XRO.lin_Nino34.WWV_d20_CMIP6_CAMS-CSM1-0_fit.nc	62553	per-model CMIP XRO operator fit	CMIP hybrid engine (Sec 9)	author-fitted from CMIP5/6 historical SST+thetao (ESGF)
c7493519295ff0170a6c9a389b733db4f6f1227bb9a12b99516716f2e4945230	pocheng_tropical_mean_SST_XRO/XRO.lin_Nino34.WWV_d20_CMIP6_CAMS-CSM1-0_timeseries.nc	49749	per-model CMIP XRO operator fit	CMIP hybrid engine (Sec 9)	author-fitted from CMIP5/6 historical SST+thetao (ESGF)
18cbc85fa030acd37080a2c96af0c965e2789c2ea2660e97d9e17f15b3399e7e	pocheng_tropical_mean_SST_XRO/XRO.lin_Nino34.WWV_d20_CMIP6_CAS-ESM2-0_fit.nc	62553	per-model CMIP XRO operator fit	CMIP hybrid engine (Sec 9)	author-fitted from CMIP5/6 historical SST+thetao (ESGF)
dcfed2eec9edc38d28a2894ab989fc82fae30350e999e4b5fb0c497ac4854fd7	pocheng_tropical_mean_SST_XRO/XRO.lin_Nino34.WWV_d20_CMIP6_CAS-ESM2-0_timeseries.nc	49749	per-model CMIP XRO operator fit	CMIP hybrid engine (Sec 9)	author-fitted from CMIP5/6 historical SST+thetao (ESGF)
78c621dcedc09f5f90258b473317f53fd18267fecae6078cdfcc0f67621f3608	pocheng_tropical_mean_SST_XRO/XRO.lin_Nino34.WWV_d20_CMIP6_CESM2-FV2_fit.nc	62553	per-model CMIP XRO operator fit	CMIP hybrid engine (Sec 9)	author-fitted from CMIP5/6 historical SST+thetao (ESGF)
7c08e03972ab54356114a65284756472def0d79addb346e06308b6a41bf572d3	pocheng_tropical_mean_SST_XRO/XRO.lin_Nino34.WWV_d20_CMIP6_CESM2-FV2_timeseries.nc	49749	per-model CMIP XRO operator fit	CMIP hybrid engine (Sec 9)	author-fitted from CMIP5/6 historical SST+thetao (ESGF)
2192db79df34f105ccff6eed1b4fbb0f19b587df3e251f3831fc689c77a40fbf	pocheng_tropical_mean_SST_XRO/XRO.lin_Nino34.WWV_d20_CMIP6_CESM2-WACCM-FV2_fit.nc	62553	per-model CMIP XRO operator fit	CMIP hybrid engine (Sec 9)	author-fitted from CMIP5/6 historical SST+thetao (ESGF)
ae8a660e77f1132ff96571b88ed8b6f3505c86b5faaa0860ea20d4678377c050	pocheng_tropical_mean_SST_XRO/XRO.lin_Nino34.WWV_d20_CMIP6_CESM2-WACCM-FV2_timeseries.nc	49749	per-model CMIP XRO operator fit	CMIP hybrid engine (Sec 9)	author-fitted from CMIP5/6 historical SST+thetao (ESGF)
e24fa78ab4362ae0f53f6fab2a7f89cd8401485e922efb5d3a292f563aaa03b5	pocheng_tropical_mean_SST_XRO/XRO.lin_Nino34.WWV_d20_CMIP6_CESM2-WACCM_fit.nc	62553	per-model CMIP XRO operator fit	CMIP hybrid engine (Sec 9)	author-fitted from CMIP5/6 historical SST+thetao (ESGF)
e4075bb7775f08fc5f0d599df2a1f56ec33339a157442858dbb8e3b5447ec5e3	pocheng_tropical_mean_SST_XRO/XRO.lin_Nino34.WWV_d20_CMIP6_CESM2-WACCM_timeseries.nc	49749	per-model CMIP XRO operator fit	CMIP hybrid engine (Sec 9)	author-fitted from CMIP5/6 historical SST+thetao (ESGF)
8497eff11d7754d3d1808ea21293cfe48fc6e127e8f0885fe111a6691a38ff0a	pocheng_tropical_mean_SST_XRO/XRO.lin_Nino34.WWV_d20_CMIP6_CESM2_fit.nc	62553	per-model CMIP XRO operator fit	CMIP hybrid engine (Sec 9)	author-fitted from CMIP5/6 historical SST+thetao (ESGF)
e763d89991ec6fa0584b3ecb38abb2904e02e1821f44180731d7aadddc00d11e	pocheng_tropical_mean_SST_XRO/XRO.lin_Nino34.WWV_d20_CMIP6_CESM2_timeseries.nc	49749	per-model CMIP XRO operator fit	CMIP hybrid engine (Sec 9)	author-fitted from CMIP5/6 historical SST+thetao (ESGF)
e5c11bf624a3d88bbae9254cda96026170b7db2469cc469a9712b77a805d2456	pocheng_tropical_mean_SST_XRO/XRO.lin_Nino34.WWV_d20_CMIP6_CIESM_fit.nc	62553	per-model CMIP XRO operator fit	CMIP hybrid engine (Sec 9)	author-fitted from CMIP5/6 historical SST+thetao (ESGF)
9d61d5d64f875418b76b34f037cbdc9d7d9bf14c98f947084cb94859bc3ca12d	pocheng_tropical_mean_SST_XRO/XRO.lin_Nino34.WWV_d20_CMIP6_CIESM_timeseries.nc	49749	per-model CMIP XRO operator fit	CMIP hybrid engine (Sec 9)	author-fitted from CMIP5/6 historical SST+thetao (ESGF)
bbfae203f91aafae63cc43073834462f24abf0804cf74f09661ae30db885f227	pocheng_tropical_mean_SST_XRO/XRO.lin_Nino34.WWV_d20_CMIP6_CMCC-CM2-HR4_fit.nc	62553	per-model CMIP XRO operator fit	CMIP hybrid engine (Sec 9)	author-fitted from CMIP5/6 historical SST+thetao (ESGF)
4444e67a5e895b0d8593bd877d437a02ae61292cfab274d9ed9878fcef047cf1	pocheng_tropical_mean_SST_XRO/XRO.lin_Nino34.WWV_d20_CMIP6_CMCC-CM2-HR4_timeseries.nc	49749	per-model CMIP XRO operator fit	CMIP hybrid engine (Sec 9)	author-fitted from CMIP5/6 historical SST+thetao (ESGF)
cf05a712e8325627356e7873314e32c88c9ec314cce0816a7cd785f2c8a19096	pocheng_tropical_mean_SST_XRO/XRO.lin_Nino34.WWV_d20_CMIP6_CMCC-CM2-SR5_fit.nc	62553	per-model CMIP XRO operator fit	CMIP hybrid engine (Sec 9)	author-fitted from CMIP5/6 historical SST+thetao (ESGF)
58434c0e38f205787e9afe4da94023fdd24c3d2b9fd556b0fb92e487c748129c	pocheng_tropical_mean_SST_XRO/XRO.lin_Nino34.WWV_d20_CMIP6_CMCC-CM2-SR5_timeseries.nc	49749	per-model CMIP XRO operator fit	CMIP hybrid engine (Sec 9)	author-fitted from CMIP5/6 historical SST+thetao (ESGF)
738fa531c0434a8300254325c01f0f8b94080efcbd2d0f0e446bf3c7a293c41f	pocheng_tropical_mean_SST_XRO/XRO.lin_Nino34.WWV_d20_CMIP6_CMCC-ESM2_fit.nc	62553	per-model CMIP XRO operator fit	CMIP hybrid engine (Sec 9)	author-fitted from CMIP5/6 historical SST+thetao (ESGF)
b5b24fef2f8c3050e0376b32a7f22c98d1c75b5336b064ae1a8e60405581303f	pocheng_tropical_mean_SST_XRO/XRO.lin_Nino34.WWV_d20_CMIP6_CMCC-ESM2_timeseries.nc	49749	per-model CMIP XRO operator fit	CMIP hybrid engine (Sec 9)	author-fitted from CMIP5/6 historical SST+thetao (ESGF)
c34063d159622036f54ccb4f5370abf219fe670f326f7eb8cd64d0f2d7eef87d	pocheng_tropical_mean_SST_XRO/XRO.lin_Nino34.WWV_d20_CMIP6_CNRM-CM6-1_fit.nc	62553	per-model CMIP XRO operator fit	CMIP hybrid engine (Sec 9)	author-fitted from CMIP5/6 historical SST+thetao (ESGF)
fbbf515fef7ab0091412c8fbec6b0031bfe410e78481eadaedbbee84f6a26a3d	pocheng_tropical_mean_SST_XRO/XRO.lin_Nino34.WWV_d20_CMIP6_CNRM-CM6-1_timeseries.nc	49749	per-model CMIP XRO operator fit	CMIP hybrid engine (Sec 9)	author-fitted from CMIP5/6 historical SST+thetao (ESGF)
18ea1ac439e6c6d41eb048f5b8c0927631576ca62bf5086a4c07e3186df2f554	pocheng_tropical_mean_SST_XRO/XRO.lin_Nino34.WWV_d20_CMIP6_CNRM-ESM2-1_fit.nc	62553	per-model CMIP XRO operator fit	CMIP hybrid engine (Sec 9)	author-fitted from CMIP5/6 historical SST+thetao (ESGF)
b67dd771ad77a4ecc3fe52ad98bd759b136bfb2eac92b6d5663db863e8d486d9	pocheng_tropical_mean_SST_XRO/XRO.lin_Nino34.WWV_d20_CMIP6_CNRM-ESM2-1_timeseries.nc	49749	per-model CMIP XRO operator fit	CMIP hybrid engine (Sec 9)	author-fitted from CMIP5/6 historical SST+thetao (ESGF)
d62ca4b088248bff12597cab728645da84af5304a5c7127374b935a6397269fa	pocheng_tropical_mean_SST_XRO/XRO.lin_Nino34.WWV_d20_CMIP6_CanESM5_fit.nc	62553	per-model CMIP XRO operator fit	CMIP hybrid engine (Sec 9)	author-fitted from CMIP5/6 historical SST+thetao (ESGF)
5a3fff00d618f7167e730f7fe5ac7f5d0e47f82fa6a052906825ac9ee356773e	pocheng_tropical_mean_SST_XRO/XRO.lin_Nino34.WWV_d20_CMIP6_CanESM5_timeseries.nc	49749	per-model CMIP XRO operator fit	CMIP hybrid engine (Sec 9)	author-fitted from CMIP5/6 historical SST+thetao (ESGF)
5ddbc87e527a2e7e5420e1b5c7902ba0a0130577a254af1fc92f70d484ab656c	pocheng_tropical_mean_SST_XRO/XRO.lin_Nino34.WWV_d20_CMIP6_E3SM-1-0_fit.nc	62553	per-model CMIP XRO operator fit	CMIP hybrid engine (Sec 9)	author-fitted from CMIP5/6 historical SST+thetao (ESGF)
092f82227d38ea923c3fb0636aafd7c39e2683c637c4c4b6791e9a7853f936e8	pocheng_tropical_mean_SST_XRO/XRO.lin_Nino34.WWV_d20_CMIP6_E3SM-1-0_timeseries.nc	49749	per-model CMIP XRO operator fit	CMIP hybrid engine (Sec 9)	author-fitted from CMIP5/6 historical SST+thetao (ESGF)
a8673e7f9c00c653be0ffbf5640015f10c114f2d2f27a3f5b0853d386c00d3d1	pocheng_tropical_mean_SST_XRO/XRO.lin_Nino34.WWV_d20_CMIP6_E3SM-1-1-ECA_fit.nc	62553	per-model CMIP XRO operator fit	CMIP hybrid engine (Sec 9)	author-fitted from CMIP5/6 historical SST+thetao (ESGF)
a581a6207a11a2bbdc4ddac215559d1b5a9bd61a59b99c682c4d4e11b9cc91fb	pocheng_tropical_mean_SST_XRO/XRO.lin_Nino34.WWV_d20_CMIP6_E3SM-1-1-ECA_timeseries.nc	49749	per-model CMIP XRO operator fit	CMIP hybrid engine (Sec 9)	author-fitted from CMIP5/6 historical SST+thetao (ESGF)
f7d0454946c003a5d20778912930159e8e1155d709fb1759681179c91fa228ca	pocheng_tropical_mean_SST_XRO/XRO.lin_Nino34.WWV_d20_CMIP6_E3SM-1-1_fit.nc	62553	per-model CMIP XRO operator fit	CMIP hybrid engine (Sec 9)	author-fitted from CMIP5/6 historical SST+thetao (ESGF)
f24366afb1b7b8157ddc435f30e94e47e6d1db70f41e1919a9deeb065b142430	pocheng_tropical_mean_SST_XRO/XRO.lin_Nino34.WWV_d20_CMIP6_E3SM-1-1_timeseries.nc	49749	per-model CMIP XRO operator fit	CMIP hybrid engine (Sec 9)	author-fitted from CMIP5/6 historical SST+thetao (ESGF)
e2603f99a5d48c9ccfb118f26b3e9133d132cb898c9da408e815eefbaf5ec9e7	pocheng_tropical_mean_SST_XRO/XRO.lin_Nino34.WWV_d20_CMIP6_EC-Earth3-Veg_fit.nc	62553	per-model CMIP XRO operator fit	CMIP hybrid engine (Sec 9)	author-fitted from CMIP5/6 historical SST+thetao (ESGF)
e77ff78ea83d5715b9b8e31a5b1cd5372c5aabe08a7c852665ae173313acd341	pocheng_tropical_mean_SST_XRO/XRO.lin_Nino34.WWV_d20_CMIP6_EC-Earth3-Veg_timeseries.nc	49749	per-model CMIP XRO operator fit	CMIP hybrid engine (Sec 9)	author-fitted from CMIP5/6 historical SST+thetao (ESGF)
705cbfdd4e70ce26c643ebbe50416d7ec499314c5f14627691c364c897a54687	pocheng_tropical_mean_SST_XRO/XRO.lin_Nino34.WWV_d20_CMIP6_EC-Earth3_fit.nc	62553	per-model CMIP XRO operator fit	CMIP hybrid engine (Sec 9)	author-fitted from CMIP5/6 historical SST+thetao (ESGF)
5c549980ff2b09fca7ddff709be1c08b542f3bb6ce7fff7bc1ab7d3ca5ff3012	pocheng_tropical_mean_SST_XRO/XRO.lin_Nino34.WWV_d20_CMIP6_EC-Earth3_timeseries.nc	49749	per-model CMIP XRO operator fit	CMIP hybrid engine (Sec 9)	author-fitted from CMIP5/6 historical SST+thetao (ESGF)
9e211a75c1f5b83d76fd130ba4351603c5ef55891bcf076e8839ff0ea99e6223	pocheng_tropical_mean_SST_XRO/XRO.lin_Nino34.WWV_d20_CMIP6_FGOALS-f3-L_fit.nc	62553	per-model CMIP XRO operator fit	CMIP hybrid engine (Sec 9)	author-fitted from CMIP5/6 historical SST+thetao (ESGF)
8e4ed537e29c01a0e0c9b4a0fd978b714631d21721f804c8b1b1d03d0791b506	pocheng_tropical_mean_SST_XRO/XRO.lin_Nino34.WWV_d20_CMIP6_FGOALS-f3-L_timeseries.nc	49749	per-model CMIP XRO operator fit	CMIP hybrid engine (Sec 9)	author-fitted from CMIP5/6 historical SST+thetao (ESGF)
ec8813449f8f6f9f7e353f85f054bbe5c731386c09d0eb5ed080e1889babf434	pocheng_tropical_mean_SST_XRO/XRO.lin_Nino34.WWV_d20_CMIP6_FGOALS-g3_fit.nc	62553	per-model CMIP XRO operator fit	CMIP hybrid engine (Sec 9)	author-fitted from CMIP5/6 historical SST+thetao (ESGF)
af54df705fb62bf68adad4e17fbba5722769ed9835af77a522940e57a477cfe0	pocheng_tropical_mean_SST_XRO/XRO.lin_Nino34.WWV_d20_CMIP6_FGOALS-g3_timeseries.nc	49749	per-model CMIP XRO operator fit	CMIP hybrid engine (Sec 9)	author-fitted from CMIP5/6 historical SST+thetao (ESGF)
3b639a09fd8c5cbe06d87dbd51fb66ba95718643f1bc70ed01e85f6f1c0689cf	pocheng_tropical_mean_SST_XRO/XRO.lin_Nino34.WWV_d20_CMIP6_FIO-ESM-2-0_fit.nc	62553	per-model CMIP XRO operator fit	CMIP hybrid engine (Sec 9)	author-fitted from CMIP5/6 historical SST+thetao (ESGF)
6f0f1d82268626b40362557934e7858610ca67e821b90ee35971cfa646b364d4	pocheng_tropical_mean_SST_XRO/XRO.lin_Nino34.WWV_d20_CMIP6_FIO-ESM-2-0_timeseries.nc	49749	per-model CMIP XRO operator fit	CMIP hybrid engine (Sec 9)	author-fitted from CMIP5/6 historical SST+thetao (ESGF)
2f71dd838686c5731f58c823d5f3ca2b011c19628fb1321fdadfe869c6883e19	pocheng_tropical_mean_SST_XRO/XRO.lin_Nino34.WWV_d20_CMIP6_GFDL-CM4_fit.nc	62553	per-model CMIP XRO operator fit	CMIP hybrid engine (Sec 9)	author-fitted from CMIP5/6 historical SST+thetao (ESGF)
0b2beb1dc48ef29adc25a4074c7de6733e453bff2262c5f54daba17c64119b4f	pocheng_tropical_mean_SST_XRO/XRO.lin_Nino34.WWV_d20_CMIP6_GFDL-CM4_timeseries.nc	49749	per-model CMIP XRO operator fit	CMIP hybrid engine (Sec 9)	author-fitted from CMIP5/6 historical SST+thetao (ESGF)
e23fce04f8dc362177ac7e9bfe0896a3ce9834b31e8fa563df49e2bd93310a5c	pocheng_tropical_mean_SST_XRO/XRO.lin_Nino34.WWV_d20_CMIP6_GFDL-ESM4_fit.nc	62553	per-model CMIP XRO operator fit	CMIP hybrid engine (Sec 9)	author-fitted from CMIP5/6 historical SST+thetao (ESGF)
bad28e711939e2551204a5eda66effa10ce53bbd9cb57d9b89d988a0f07d3e6b	pocheng_tropical_mean_SST_XRO/XRO.lin_Nino34.WWV_d20_CMIP6_GFDL-ESM4_timeseries.nc	49749	per-model CMIP XRO operator fit	CMIP hybrid engine (Sec 9)	author-fitted from CMIP5/6 historical SST+thetao (ESGF)
ee91c76b4c7628a08e2a9fbe3c118e85367d27fade182a83fca3a779e192e91e	pocheng_tropical_mean_SST_XRO/XRO.lin_Nino34.WWV_d20_CMIP6_GISS-E2-1-G-CC_fit.nc	62553	per-model CMIP XRO operator fit	CMIP hybrid engine (Sec 9)	author-fitted from CMIP5/6 historical SST+thetao (ESGF)
8bd34de6a13c8b005da06746dae0cc1d5ccc175183146e7890a1cfed648fb66b	pocheng_tropical_mean_SST_XRO/XRO.lin_Nino34.WWV_d20_CMIP6_GISS-E2-1-G-CC_timeseries.nc	49749	per-model CMIP XRO operator fit	CMIP hybrid engine (Sec 9)	author-fitted from CMIP5/6 historical SST+thetao (ESGF)
b9bf02efa6ffbe5e5505dd57b47b3d887ccf358da80e5b6cc8f30acf26ade832	pocheng_tropical_mean_SST_XRO/XRO.lin_Nino34.WWV_d20_CMIP6_GISS-E2-1-G_fit.nc	62553	per-model CMIP XRO operator fit	CMIP hybrid engine (Sec 9)	author-fitted from CMIP5/6 historical SST+thetao (ESGF)
f19778ab8a5d1ec46566e69d7cd01036adc0fc09d156c1b87de69989026ebb62	pocheng_tropical_mean_SST_XRO/XRO.lin_Nino34.WWV_d20_CMIP6_GISS-E2-1-G_timeseries.nc	49749	per-model CMIP XRO operator fit	CMIP hybrid engine (Sec 9)	author-fitted from CMIP5/6 historical SST+thetao (ESGF)
1edfa24090bc21199eec88dc740e3911336710701a9923a3564d043ded2cb58b	pocheng_tropical_mean_SST_XRO/XRO.lin_Nino34.WWV_d20_CMIP6_GISS-E2-1-H_fit.nc	62553	per-model CMIP XRO operator fit	CMIP hybrid engine (Sec 9)	author-fitted from CMIP5/6 historical SST+thetao (ESGF)
b075fe71a8220ae0f1b60556cdb310bf2065013b2730c05f9892780b948e2c60	pocheng_tropical_mean_SST_XRO/XRO.lin_Nino34.WWV_d20_CMIP6_GISS-E2-1-H_timeseries.nc	49749	per-model CMIP XRO operator fit	CMIP hybrid engine (Sec 9)	author-fitted from CMIP5/6 historical SST+thetao (ESGF)
75dfeec748682ca1808a4c5a094470713ab2993fbd3aa8eb22f379d2127898e2	pocheng_tropical_mean_SST_XRO/XRO.lin_Nino34.WWV_d20_CMIP6_HadGEM3-GC31-LL_fit.nc	62553	per-model CMIP XRO operator fit	CMIP hybrid engine (Sec 9)	author-fitted from CMIP5/6 historical SST+thetao (ESGF)
5eda82766cf4b5929ef96e3830a8e9eac9ac12bf56ade48661d1b2a49a1c5f84	pocheng_tropical_mean_SST_XRO/XRO.lin_Nino34.WWV_d20_CMIP6_HadGEM3-GC31-LL_timeseries.nc	49749	per-model CMIP XRO operator fit	CMIP hybrid engine (Sec 9)	author-fitted from CMIP5/6 historical SST+thetao (ESGF)
d7156095392f1cdd919890b1265da0962eaf11859064d2e06c53d183060b6e47	pocheng_tropical_mean_SST_XRO/XRO.lin_Nino34.WWV_d20_CMIP6_INM-CM4-8_fit.nc	62553	per-model CMIP XRO operator fit	CMIP hybrid engine (Sec 9)	author-fitted from CMIP5/6 historical SST+thetao (ESGF)
dcded97009282b912ef5c2022c7c5eae8a74f306cc6a2f4e9bf113da65fd4c3b	pocheng_tropical_mean_SST_XRO/XRO.lin_Nino34.WWV_d20_CMIP6_INM-CM4-8_timeseries.nc	49749	per-model CMIP XRO operator fit	CMIP hybrid engine (Sec 9)	author-fitted from CMIP5/6 historical SST+thetao (ESGF)
d1ae5cae99f78fe9a517545ed3a513ce08166bb94d3fbeb59fb8f8b3ef3fc7a1	pocheng_tropical_mean_SST_XRO/XRO.lin_Nino34.WWV_d20_CMIP6_INM-CM5-0_fit.nc	62553	per-model CMIP XRO operator fit	CMIP hybrid engine (Sec 9)	author-fitted from CMIP5/6 historical SST+thetao (ESGF)
53e0e71591591d13fc371e1749a5d2416d78f8152bf90ad368d9d77b33b32128	pocheng_tropical_mean_SST_XRO/XRO.lin_Nino34.WWV_d20_CMIP6_INM-CM5-0_timeseries.nc	49749	per-model CMIP XRO operator fit	CMIP hybrid engine (Sec 9)	author-fitted from CMIP5/6 historical SST+thetao (ESGF)
7a40c21b3ef0ea0d2ee4fa404502983de2d63320dd14dbe688a67a84daf3fc9b	pocheng_tropical_mean_SST_XRO/XRO.lin_Nino34.WWV_d20_CMIP6_IPSL-CM6A-LR_fit.nc	62553	per-model CMIP XRO operator fit	CMIP hybrid engine (Sec 9)	author-fitted from CMIP5/6 historical SST+thetao (ESGF)
315203a2045ce352840a29b7e9e319681ba750a186a1b8ec51c1fce927e7f72c	pocheng_tropical_mean_SST_XRO/XRO.lin_Nino34.WWV_d20_CMIP6_IPSL-CM6A-LR_timeseries.nc	49749	per-model CMIP XRO operator fit	CMIP hybrid engine (Sec 9)	author-fitted from CMIP5/6 historical SST+thetao (ESGF)
c63e04aa2efebad486899219a17e0d4b071579a8c90856607ad6659cd40f0d97	pocheng_tropical_mean_SST_XRO/XRO.lin_Nino34.WWV_d20_CMIP6_MCM-UA-1-0_fit.nc	62553	per-model CMIP XRO operator fit	CMIP hybrid engine (Sec 9)	author-fitted from CMIP5/6 historical SST+thetao (ESGF)
0951e18b6a594b07f0771f2d089ab9929e116497e84f045194e3c4a2aa621e13	pocheng_tropical_mean_SST_XRO/XRO.lin_Nino34.WWV_d20_CMIP6_MCM-UA-1-0_timeseries.nc	49749	per-model CMIP XRO operator fit	CMIP hybrid engine (Sec 9)	author-fitted from CMIP5/6 historical SST+thetao (ESGF)
83252c1b4a94fb88f290be566dc4726f3731a0abba6d187045d1b45a16bf1ab8	pocheng_tropical_mean_SST_XRO/XRO.lin_Nino34.WWV_d20_CMIP6_MIROC-ES2L_fit.nc	62553	per-model CMIP XRO operator fit	CMIP hybrid engine (Sec 9)	author-fitted from CMIP5/6 historical SST+thetao (ESGF)
067ed6e50113342b6399513ea9089a59b32ea879df4761e0a7a051f4abd7eac4	pocheng_tropical_mean_SST_XRO/XRO.lin_Nino34.WWV_d20_CMIP6_MIROC-ES2L_timeseries.nc	49749	per-model CMIP XRO operator fit	CMIP hybrid engine (Sec 9)	author-fitted from CMIP5/6 historical SST+thetao (ESGF)
818d4124e6c60c884d7ef34cb6cdcf8d4322e377e25286668a19db24b1d533fe	pocheng_tropical_mean_SST_XRO/XRO.lin_Nino34.WWV_d20_CMIP6_MIROC6_fit.nc	62553	per-model CMIP XRO operator fit	CMIP hybrid engine (Sec 9)	author-fitted from CMIP5/6 historical SST+thetao (ESGF)
4e4ded820046b95c53910878cb5ea5db09889ee771e509753661d224de9a0db1	pocheng_tropical_mean_SST_XRO/XRO.lin_Nino34.WWV_d20_CMIP6_MIROC6_timeseries.nc	49749	per-model CMIP XRO operator fit	CMIP hybrid engine (Sec 9)	author-fitted from CMIP5/6 historical SST+thetao (ESGF)
a2977c8bf6d1b12db04308b49a88692ec969efab53254446cbd9c053cee98a62	pocheng_tropical_mean_SST_XRO/XRO.lin_Nino34.WWV_d20_CMIP6_MPI-ESM-1-2-HAM_fit.nc	62553	per-model CMIP XRO operator fit	CMIP hybrid engine (Sec 9)	author-fitted from CMIP5/6 historical SST+thetao (ESGF)
b25b72f52f5cb082e712d9b8742e6d02f12c4f80345a28b9616d35a9ec48391f	pocheng_tropical_mean_SST_XRO/XRO.lin_Nino34.WWV_d20_CMIP6_MPI-ESM-1-2-HAM_timeseries.nc	49749	per-model CMIP XRO operator fit	CMIP hybrid engine (Sec 9)	author-fitted from CMIP5/6 historical SST+thetao (ESGF)
07bbba185f018ce4ec5e164d0fede3c327c7f7251c34c1d46ad20da46356f2ae	pocheng_tropical_mean_SST_XRO/XRO.lin_Nino34.WWV_d20_CMIP6_MPI-ESM1-2-HR_fit.nc	62553	per-model CMIP XRO operator fit	CMIP hybrid engine (Sec 9)	author-fitted from CMIP5/6 historical SST+thetao (ESGF)
2e7cd098288e4fed35d0a5428ec38db575cdbc77657d15f43e517acb54b690b0	pocheng_tropical_mean_SST_XRO/XRO.lin_Nino34.WWV_d20_CMIP6_MPI-ESM1-2-HR_timeseries.nc	49749	per-model CMIP XRO operator fit	CMIP hybrid engine (Sec 9)	author-fitted from CMIP5/6 historical SST+thetao (ESGF)
89344edef175ddb0f437fa79bc687109822058dd7f6f512878ad62b8757551ae	pocheng_tropical_mean_SST_XRO/XRO.lin_Nino34.WWV_d20_CMIP6_MPI-ESM1-2-LR_fit.nc	62553	per-model CMIP XRO operator fit	CMIP hybrid engine (Sec 9)	author-fitted from CMIP5/6 historical SST+thetao (ESGF)
c2ad5c5ff6b044a867266da21dbd34901b97e85e4bf400b484353ffbc0837dd7	pocheng_tropical_mean_SST_XRO/XRO.lin_Nino34.WWV_d20_CMIP6_MPI-ESM1-2-LR_timeseries.nc	49749	per-model CMIP XRO operator fit	CMIP hybrid engine (Sec 9)	author-fitted from CMIP5/6 historical SST+thetao (ESGF)
18ac945dc609f4181c1e8aab616eb7c8c39aedac7f407c4b63905ea8b24ed06b	pocheng_tropical_mean_SST_XRO/XRO.lin_Nino34.WWV_d20_CMIP6_MRI-ESM2-0_fit.nc	62553	per-model CMIP XRO operator fit	CMIP hybrid engine (Sec 9)	author-fitted from CMIP5/6 historical SST+thetao (ESGF)
d4a6d20ecc732f9458924764bd47af5e2735eb738345900b6fc7732137201215	pocheng_tropical_mean_SST_XRO/XRO.lin_Nino34.WWV_d20_CMIP6_MRI-ESM2-0_timeseries.nc	49749	per-model CMIP XRO operator fit	CMIP hybrid engine (Sec 9)	author-fitted from CMIP5/6 historical SST+thetao (ESGF)
6e72bfc696e0e4ecca6a7f60dc8efc502d2f2e82cbad5614514780084d16b799	pocheng_tropical_mean_SST_XRO/XRO.lin_Nino34.WWV_d20_CMIP6_NESM3_fit.nc	62553	per-model CMIP XRO operator fit	CMIP hybrid engine (Sec 9)	author-fitted from CMIP5/6 historical SST+thetao (ESGF)
25553f6d140c8271b6bf3cba6bd342a3ddfa7b3a2678ccc11b046c1e214e8867	pocheng_tropical_mean_SST_XRO/XRO.lin_Nino34.WWV_d20_CMIP6_NESM3_timeseries.nc	49749	per-model CMIP XRO operator fit	CMIP hybrid engine (Sec 9)	author-fitted from CMIP5/6 historical SST+thetao (ESGF)
13b4fe37b125d34b0617a4c339dc63b47a0517185fa23b1cf04d0b8615d9e013	pocheng_tropical_mean_SST_XRO/XRO.lin_Nino34.WWV_d20_CMIP6_NorCPM1_fit.nc	62553	per-model CMIP XRO operator fit	CMIP hybrid engine (Sec 9)	author-fitted from CMIP5/6 historical SST+thetao (ESGF)
cb26640e5e323dfe944cf78e6f28977516064e29cc860e3a873835bb014743b9	pocheng_tropical_mean_SST_XRO/XRO.lin_Nino34.WWV_d20_CMIP6_NorCPM1_timeseries.nc	49749	per-model CMIP XRO operator fit	CMIP hybrid engine (Sec 9)	author-fitted from CMIP5/6 historical SST+thetao (ESGF)
99c92f48fa4cc1f6745c287e04d12ed090d54e6e9e0ec2ccfd0094491ff36ca9	pocheng_tropical_mean_SST_XRO/XRO.lin_Nino34.WWV_d20_CMIP6_NorESM2-LM_fit.nc	62553	per-model CMIP XRO operator fit	CMIP hybrid engine (Sec 9)	author-fitted from CMIP5/6 historical SST+thetao (ESGF)
2f7fd61bfa749a6b7d13e1b11dac3ba2e9768997da625183c502febb6f5893ce	pocheng_tropical_mean_SST_XRO/XRO.lin_Nino34.WWV_d20_CMIP6_NorESM2-LM_timeseries.nc	49749	per-model CMIP XRO operator fit	CMIP hybrid engine (Sec 9)	author-fitted from CMIP5/6 historical SST+thetao (ESGF)
1cc4d10261eee066389231d597184960a6e409dd2536ca9b175a60474cc487cf	pocheng_tropical_mean_SST_XRO/XRO.lin_Nino34.WWV_d20_CMIP6_NorESM2-MM_fit.nc	62553	per-model CMIP XRO operator fit	CMIP hybrid engine (Sec 9)	author-fitted from CMIP5/6 historical SST+thetao (ESGF)
c9219806ac82dc9aaae0307738b569aa3e08bdcf918812ec9344702d8fc3cd40	pocheng_tropical_mean_SST_XRO/XRO.lin_Nino34.WWV_d20_CMIP6_NorESM2-MM_timeseries.nc	49749	per-model CMIP XRO operator fit	CMIP hybrid engine (Sec 9)	author-fitted from CMIP5/6 historical SST+thetao (ESGF)
3289aebc1a8cdf2e64e58562d2da6ce0ec8c905bdb78d6fc029096f283d2bc9f	pocheng_tropical_mean_SST_XRO/XRO.lin_Nino34.WWV_d20_CMIP6_SAM0-UNICON_fit.nc	62553	per-model CMIP XRO operator fit	CMIP hybrid engine (Sec 9)	author-fitted from CMIP5/6 historical SST+thetao (ESGF)
b1303a585aa2b4834e6cf8c15e09435ee1765b6b2a55760177688c6b0fc97d3d	pocheng_tropical_mean_SST_XRO/XRO.lin_Nino34.WWV_d20_CMIP6_SAM0-UNICON_timeseries.nc	49749	per-model CMIP XRO operator fit	CMIP hybrid engine (Sec 9)	author-fitted from CMIP5/6 historical SST+thetao (ESGF)
df2202c7062bf771cb03d0ae4dcf7fe6560947aa83535459a251550d6c9d20b5	pocheng_tropical_mean_SST_XRO/XRO.lin_Nino34.WWV_d20_CMIP6_TaiESM1_fit.nc	303395	per-model CMIP XRO operator fit	CMIP hybrid engine (Sec 9)	author-fitted from CMIP5/6 historical SST+thetao (ESGF)
88aea122b205b2ddaf9983480eb7425f3bf7e8789e01d32b5fdb2dcf0734b47b	pocheng_tropical_mean_SST_XRO/XRO.lin_Nino34.WWV_d20_CMIP6_TaiESM1_timeseries.nc	77777	per-model CMIP XRO operator fit	CMIP hybrid engine (Sec 9)	author-fitted from CMIP5/6 historical SST+thetao (ESGF)
31f4ae5c384a7b90417a987001f122ecbc9ce9b23cf7a17375fb8ff251831a34	pocheng_tropical_mean_SST_XRO/XRO.lin_Nino34.WWV_d20_CMIP6_UKESM1-0-LL_fit.nc	62553	per-model CMIP XRO operator fit	CMIP hybrid engine (Sec 9)	author-fitted from CMIP5/6 historical SST+thetao (ESGF)
8567b0f27c58bfd0b31052953a135db91f421056c37c38cedc6d78b355b297e8	pocheng_tropical_mean_SST_XRO/XRO.lin_Nino34.WWV_d20_CMIP6_UKESM1-0-LL_timeseries.nc	49749	per-model CMIP XRO operator fit	CMIP hybrid engine (Sec 9)	author-fitted from CMIP5/6 historical SST+thetao (ESGF)
